OID_,_FID,Shape_Leng,fclass,_OID,HOP,POD,DIS_BUS,DIS_MTR,POI_COM,POI_SHOP,POI_SCE,POI_EDU,POI_MED,PR,TD,OPEN,CAR,GREN,ENCL,WAL,IMA,COMP,PM2_5,PM10,CO,TD_label
0,0.0,304.819,motorway,0.0,5370.999999999999,10.611111111111112,283.4360389488589,7066.279659089393,0.0,4.0,0.0,3.0,0.0,0.036531352372753,0.0,0.638146825584,0.000193400555346,0.181244999529,0.446686880429,0.0,5.4784567959e-05,1.12958159122,1.378581897114995,2.851855265369187,0.034506308957342,none
1,1.0,11.6017,motorway,1.0,5370.999999999999,7.095238095238095,231.06647425744228,6971.384252380975,0.0,0.0,0.0,0.0,0.0,0.006543761234578,0.0,0.740642501647,1.6177993223e-05,0.0182796616152,0.200973651306,0.0,0.000409229692206,0.973920804877,1.378461424271089,2.852127740684098,0.034504893213108,none
2,2.0,1132.0,motorway,2.0,5797.635258868551,4.053333333333334,632.1035689999363,7293.614830607642,0.0,4.0,0.0,3.0,0.0,0.018613005945015,0.0,0.492826530732333,0.002076420918049,0.1370457415598,0.318752118794833,0.004268957718567,0.000136777579066,1.34208403965,1.379375327163876,2.850066579815299,0.034515592105849,none
3,3.0,21.7218,motorway,3.0,8444.968450846569,0.0,729.666718599181,6784.590085778178,0.0,0.0,0.0,0.0,0.0,0.0,0.0,0.335933578062333,0.00446169443399,0.029684901716267,0.091922369991,0.012961140055267,0.000111284983685,1.522454810746667,1.379394934879271,2.850081038571281,0.034515409860464,none
4,4.0,288.308,primary,4.0,5371.0,8.432432432432432,87.1638363308555,6853.4499931326645,0.0,0.0,0.0,0.0,0.0,0.079523046748341,0.0,0.718486086272,0.002408723435405,0.059291691505589,0.330505410411,0.009136089249132,0.002101382417694,1.026884926493556,1.378700680149074,2.853268788938992,0.034495900259091,none
5,5.0,545.983,motorway,5.0,8634.0,1.638297872340426,450.57331251467633,6567.976063782057,1.0,0.0,0.0,0.0,0.0,0.330773051763808,0.0,0.635335899261,0.002252417874625,0.09298558982,0.1837087642865,0.0066348369272,0.000277048133942,1.18529027354,1.379858605528049,2.850013805791747,0.034513971385259,none
6,6.0,42.344,tertiary,6.0,8634.0,4.0,169.33361391203172,6325.10693239822,1.0,0.0,0.0,0.0,0.0,0.718907214064943,0.0,0.6659397355044,0.001381894766566,0.1354117152202,0.2688283761836,0.000735260285822,0.002307128906249,1.121866078302,1.379898294790042,2.850142910901896,0.034512901881396,none
7,7.0,764.491,residential,7.0,8634.0,1.649122807017544,541.9933777652261,6690.4932666177965,1.0,0.0,0.0,0.0,0.0,0.266869084869306,0.0,0.651278987157235,0.006528901682091,0.155601755597794,0.435207229185824,0.013359584226763,0.000683347187001,1.080915262952647,1.380007516222314,2.850683795507659,0.034508656271885,none
8,8.0,427.582,primary,8.0,7967.227475095205,0.707317073170732,735.6725669366142,6944.520497844856,0.0,0.0,0.0,0.0,0.0,0.005714928644448,0.0,0.58432533846325,0.004404336094373,0.031044894911683,0.212894968510017,0.013112723756833,9.9672371125e-05,1.108751815576583,1.37948332202529,2.852093750567872,0.034500921618496,none
9,9.0,23.0557,residential,9.0,7069.9363662413225,1.105263157894737,520.1951792042785,7027.932750903073,0.0,0.0,0.0,0.0,0.0,0.011284510868892,0.0,0.564681087632,0.005247736551677,0.048876291298,0.23565673395795,0.00354771258961,0.000866717602835,1.2698266815315,1.379485227444296,2.852103058526462,0.03450084845027,none
10,10.0,441.487,primary,10.0,7870.123060157102,0.707317073170732,724.9501878539091,6964.161280406857,0.0,0.0,0.0,0.0,0.0,0.005619502737116,0.0,0.555556303489231,0.004447590542459,0.0362611051176,0.213143820416485,0.014434485284385,0.000311086971082,1.177102571847154,1.379470174254465,2.852147348004311,0.034500599668961,none
11,11.0,668.452,residential,11.0,5371.0,8.98076923076923,249.3363146495178,6854.4081150355405,1.0,12.0,0.0,0.0,2.0,0.135561538801306,0.0,0.669009245852941,0.005335450256911,0.129195464071394,0.214308226361476,0.010822798726008,0.000834788775968,1.077416897791353,1.379487416115639,2.852231540308992,0.034499937819325,none
12,12.0,566.18,tertiary,12.0,5371.0,14.346938775510203,193.2998086918836,6926.337576845097,1.0,15.0,0.0,3.0,2.0,0.142574088701024,0.0,0.654006728206875,0.00978745609881,0.165379627641344,0.433003130494375,0.077103852348529,0.000984008053699,1.13222310796625,1.379070543606466,2.853552597185694,0.03449238484923,none
13,13.0,434.312,residential,13.0,5371.0,12.571428571428571,189.10008316837985,6666.093593180241,1.0,11.0,0.0,0.0,2.0,0.154701857010118,0.0,0.6712811941125,0.012604715737949,0.07364913756579,0.3521491246122,0.034689758814262,0.000660319500658,1.151478950054,1.379070543606466,2.853552597185694,0.03449238484923,none
14,14.0,514.8,residential,14.0,9476.5,7.276595744680851,99.41836946435566,6057.429355902957,6.0,3.0,0.0,0.0,0.0,0.508294784947744,0.041666666666667,0.119511926914362,0.003777335151906,0.077671224260069,0.169856065588192,0.098935915075785,0.002884406088896,1.586165494517692,1.380227509194285,2.84904805024095,0.034519228674785,low
15,15.0,664.678,motorway,15.0,9476.5,9.60377358490566,152.16604899519345,6003.681238908256,15.0,9.0,0.0,2.0,2.0,0.535199034910144,0.0,0.18569855594252,0.005873788121229,0.080492624796028,0.19701975082784,0.062576786250707,0.001115301047942,1.542692805424667,1.380296422492492,2.848677650696365,0.034521544017173,none
16,16.0,17.2268,tertiary,16.0,10319.0,16.15,114.86982995400228,5667.609445477176,13.0,8.0,0.0,2.0,2.0,0.880048062689594,0.0,0.317405118521333,0.003228490132403,0.096488493034733,0.197752480889333,0.0803271745901,7.3658893386e-05,1.44755738469,1.38031238385925,2.848731186912273,0.034521102570463,none
17,17.0,136.1,residential,17.0,10319.0,14.5,51.19658834666279,5732.02740763676,12.0,9.0,0.0,2.0,2.0,0.69765967133449,0.0,0.526220114834275,0.003307480409923,0.102957300393,0.32644392214975,0.102832426911035,0.000232650572995,1.23321215658,1.38031238385925,2.848731186912273,0.034521102570463,none
18,18.0,383.995,motorway,18.0,10319.0,14.794871794871796,303.2780626990773,5479.22448719232,24.0,9.0,0.0,2.0,2.0,0.6335691178158,0.0,0.10453697112682,0.006197568594689,0.042788806593553,0.1694597289013,0.161101378252676,0.000964612845915,1.636653331946,1.380533200041557,2.847740683492782,0.034527143632684,none
19,19.0,15.9243,tertiary,19.0,11916.37082612844,16.285714285714285,413.89876411425695,5285.308648630064,6.0,5.0,0.0,2.0,0.0,0.551893866022577,0.0,0.1795470456045,0.002850268260541,0.0444887459996,0.226672303773,0.029932602696605,9.375882436e-05,1.746952993775,1.380547019013423,2.847799993244938,0.034526670496957,none
20,20.0,380.4,residential,20.0,10319.0,14.794871794871796,309.0000870297655,5473.703079552677,23.0,9.0,0.0,2.0,2.0,0.494901534731301,0.0,0.137212097086311,0.006822374131941,0.032983986728201,0.217389416307222,0.151608565519823,0.000515367132593,1.471373525511111,1.380547019013423,2.847799993244938,0.034526670496957,none
21,21.0,397.063,motorway,21.0,13065.0,19.951219512195124,221.0088264737736,5088.582400574961,13.0,6.0,0.0,2.0,0.0,0.466495468713265,0.0,0.1472031926535,0.002798866363895,0.03877416403897,0.14058271874678,0.058540980260903,0.00023296310241,1.648086027521,1.380773610284386,2.846690485215309,0.034533522874679,none
22,22.0,9.17689,motorway,22.0,13065.0,23.047619047619047,55.08170288519646,4885.406620588387,7.0,1.0,0.0,1.0,0.0,0.375014453710176,0.0,0.210914703736667,0.010909360096647,0.030859522072667,0.094638542977933,0.001406220777756,0.000969453987829,1.656382619876667,1.380772103102331,2.846629490274226,0.034533957112762,none
23,23.0,17.6444,primary,23.0,13065.0,23.047619047619047,47.3623871362207,4888.875568275421,6.0,1.0,0.0,1.0,0.0,0.371602669954897,0.0,0.206871185915667,0.012318561354813,0.035505302459833,0.105560395423367,0.031386369598313,0.000496370246612,1.735564267513333,1.380780704211287,2.846721715461377,0.034533274491865,none
24,24.0,395.969,residential,24.0,13065.0,20.487179487179485,214.06922384575816,5085.565786364496,12.0,5.0,0.0,3.0,0.0,0.463860021213679,0.0,0.10782540562635,0.000458192633817,0.030415485182933,0.121088187484208,0.064401925669429,0.000236572510746,1.548757460664167,1.380795413538732,2.846796523730856,0.034532688927969,none
25,25.0,17.2368,primary,25.0,13065.0,23.047619047619047,45.85026815189112,4879.751749682294,7.0,1.0,0.0,1.0,0.0,0.395999202957578,0.0,0.200736907591,0.00575495340738,0.02814934052615,0.076246976306,0.039813011423762,0.000770109245578,1.711403197715,1.380785359088882,2.846692411563139,0.034533460952719,none
26,26.0,9.08933,residential,26.0,13065.0,23.75,37.70855549588991,4883.236027314637,7.0,1.0,0.0,1.0,0.0,0.404639701097766,0.041666666666667,0.173752382577,0.00362938570689,0.0350021913827,0.0644583180461,0.0833908118041,0.000309404120387,1.71674545349,1.380787246813231,2.846702013811582,0.03453338579223,low
27,27.0,181.886,motorway,27.0,13065.0,22.103448275862068,102.04411720674686,4789.910635254816,8.0,1.0,0.0,2.0,0.0,0.489856875285732,0.0,0.128109361273067,0.00134718561747,0.0354093375455,0.069254484817183,0.008577894188158,0.000544536544617,1.534549268926667,1.380897126733577,2.846203082813648,0.034536434318555,none
28,28.0,181.301,residential,28.0,13065.0,20.642857142857142,98.8200851644988,4788.878551358596,8.0,6.0,0.0,2.0,0.0,0.49290151059991,0.0,0.11433752588468,0.0,0.03633474326996,0.06793386477544,0.010197885250304,0.000426363657756,1.525306627494,1.380931183165647,2.846387032050155,0.034535003155762,none
29,29.0,267.25,motorway,29.0,13064.999999999996,15.125,316.92990676110594,4565.840393622241,6.0,8.0,0.0,2.0,0.0,0.396548930864536,0.0,0.150427311459333,0.00460010615378,0.030639485023422,0.069733096397722,0.007991343652159,0.000384880995335,1.59126414044,1.381071173708273,2.845513233072986,0.034540558244682,none
30,30.0,209.946,residential,30.0,10319.0,10.1,109.31861469076388,5799.391995836027,5.0,4.0,0.0,0.0,2.0,0.569214321361139,0.0,0.0340635000941,0.00854198042169,0.027495970209,0.209423318488,0.159448745178,0.000448571630271,1.49814678519,1.380341670445505,2.850017013468647,0.034511958695547,none
31,31.0,162.499,residential,31.0,8359.104923279185,10.56,465.8237790650375,6035.4188038771645,1.0,0.0,0.0,1.0,0.0,0.130107265798417,0.0,0.6051929887518,0.002521560852786,0.10861272237388,0.4808253248916,0.4372686030686,0.000189429593374,1.33815601311,1.378116498864151,2.856403765837347,0.034476307500851,none
32,32.0,1026.29,motorway,32.0,9175.242681926986,6.101449275362318,848.271627713916,3923.983445709276,8.0,1.0,0.0,2.0,0.0,0.317321572417428,0.0,0.4147319747742,0.007900890672058,0.025196636153998,0.13104231851416,0.0,0.000285909262048,1.424912300386,1.381808603330689,2.843117768062032,0.034554330150875,none
33,33.0,100.985,residential,33.0,9129.07400808631,15.5,391.944808104889,6010.861044703682,0.0,0.0,0.0,1.0,0.0,0.210696628964105,0.0,0.656378835655,0.000198548098645,0.0724588784827,0.362919414594,0.3878499638524,2.206089985e-06,1.19734079711,1.378206588765963,2.856538486294387,0.034474990945914,none
34,34.0,83.7048,residential,34.0,9147.439804368163,10.538461538461538,401.2597138484984,5983.021260580119,0.0,0.0,0.0,2.0,0.0,0.1721252276195,0.0,0.558790582250667,0.00131286866215,0.0710213902485,0.535564664033667,0.46261245788,0.000368662148594,1.321419538683333,1.378105071562848,2.856713767307765,0.034474179161961,none
35,35.0,85.48,residential,35.0,9050.594136723312,11.208333333333334,431.78900267856034,5974.542812944913,0.0,0.0,0.0,2.0,0.0,0.174187278440193,0.0,0.54375534364,0.00234115171624,0.090692114159667,0.540967736401333,0.322327449912333,0.00058620713322,1.34821697836,1.378105071562848,2.856713767307765,0.034474179161961,none
36,36.0,303.412,tertiary,36.0,5371.0,11.852941176470589,160.35805121580583,6579.524221512258,1.0,12.0,0.0,0.0,2.0,0.153755357058074,0.0,0.58952129318075,0.002988516566264,0.202740772660925,0.522538102056625,0.010731390669519,0.003347144069437,1.187653353769875,1.379342352155947,2.854826886856918,0.034482322767102,none
37,37.0,6.92311,residential,37.0,9420.164104127189,11.714285714285714,386.67940320797607,5947.2318015065775,0.0,0.0,0.0,2.0,0.0,0.215752864409749,0.0,0.56158667874625,0.000751357480705,0.057248035109175,0.52924133341775,0.24721615174325,0.000613017254564,1.282527055355,1.378112130642411,2.856736598702792,0.034473989861189,none
38,38.0,51.3117,primary,38.0,5371.0,5.090909090909091,179.8947134288997,6470.728831943165,0.0,1.0,0.0,0.0,0.0,0.059010882343003,0.0,0.707673957549,0.005285423922255,0.1130724068145,0.245437082821,0.010010123405,0.000238625400037,0.9704560936135,1.37938245544655,2.854785849293507,0.034482445524325,none
39,39.0,38.4604,primary,39.0,5371.000000000001,4.791666666666667,222.01813024300583,6446.254813122643,0.0,1.0,0.0,0.0,0.0,0.043046636275357,0.0,0.708808868285667,0.005426491120733,0.110335139385333,0.241064721232667,0.021673023180133,0.000475412391754,1.001692126781333,1.379336082866733,2.854979977651278,0.034481274289738,none
40,40.0,17.5602,primary,40.0,5371.0,4.85,149.97306514170072,6471.375342926549,0.0,1.0,0.0,0.0,0.0,0.06635229481184,0.0,0.707578360316,0.00451366010919,0.117999341114,0.244500271592,0.0072660977092,0.0,0.950400531058,1.379400361522568,2.8548217669634,0.03448211970278,none
41,41.0,169.263,primary,41.0,15297.0,38.3793103448276,47.74005760046501,4878.063766106748,6.0,44.0,0.0,1.0,0.0,0.48323280148259,0.0,0.460896595415,0.009883283132536,0.1068611604621,0.254753201996712,0.067104246422037,0.001044032085373,1.35509669367,1.380922663879524,2.847399851823948,0.034527930847391,none
42,42.0,61.064,residential,42.0,15297.0,40.391304347826086,138.32813864231915,4900.122486420626,1.0,44.0,0.0,1.0,0.0,0.545489805073584,0.0,0.59961047804525,0.008265851491911,0.205331089985,0.47168230865225,0.3016810824976,0.001459420445453,1.2251496843775,1.380943478040971,2.847521862261392,0.034526988893564,none
43,43.0,59.2871,residential,43.0,15297.0,33.5,166.2742316980566,4960.014487841378,1.0,21.0,0.0,1.0,0.0,0.443952063261261,0.0,0.464609352939,0.002193037285863,0.40449579078025,0.60535912368725,0.230342275175087,0.001377151673101,1.3449480971875,1.380912692463332,2.847709105210842,0.034525801760033,none
44,44.0,696.987,primary,44.0,5370.999999999999,4.055555555555555,183.43222814657287,6707.821263028,0.0,2.0,0.0,0.0,0.0,0.042857786988759,0.0,0.65242941982775,0.005833821124344,0.113708450133562,0.346665145881425,0.015702236281699,0.0009192501206,1.095975978155562,1.379531619910681,2.854555747767348,0.034483445706172,none
45,45.0,90.2428,residential,45.0,15297.0,25.2,219.56501081529967,5033.608893378082,1.0,5.0,0.0,1.0,0.0,0.364492170458346,0.0,0.48939495776075,0.001818185829256,0.39052002688475,0.5756969478535,0.0467692772088,0.001116189611965,1.3278178540025,1.380877770589156,2.848102152554293,0.034523187446635,none
46,46.0,739.089,primary,46.0,5371.0,7.339285714285714,303.88511221451,6484.061621598318,0.0,1.0,0.0,0.0,0.0,0.099266006456392,0.0,0.668636092220375,0.006408783326663,0.087235692035725,0.49584042109225,0.075910698069474,0.00083105248141,1.151345711313375,1.379332674730609,2.855152813705455,0.034480075463431,none
47,47.0,97.3994,residential,47.0,9683.01564020352,10.791666666666666,377.602504793282,5907.312609383682,0.0,0.0,0.0,2.0,0.0,0.18232524361417,0.0,0.5920832990165,0.00169317406344,0.0820959619731,0.537152935879,0.350240272095,0.000293226127165,1.31857877474,1.378093955466939,2.857082709390413,0.034471635928435,none
48,48.0,178.408,residential,48.0,9403.734211766969,10.321428571428571,443.2537390609648,5930.004434666756,0.0,0.0,0.0,3.0,0.0,0.13301728526391,0.0,0.582914127212,0.016508759647966,0.1373061582268,0.5555401469996,0.3467958406752,0.000180311088102,1.416399336892,1.378093955466939,2.857082709390413,0.034471635928435,none
49,49.0,123.297,residential,49.0,10200.0,17.12,319.7887313719548,5940.189759321614,0.0,1.0,0.0,2.0,0.0,0.26330396288315,0.0,0.6684955642882,0.002382135965736,0.10574509953876,0.3128042044866,0.311470229355,0.000366946300828,1.164921124012,1.378203192542448,2.857030675109718,0.034471551030112,none
50,50.0,88.88379999999998,residential,50.0,10200.0,17.04,339.65521845500945,5917.24126644023,0.0,1.0,0.0,2.0,0.0,0.266622629675294,0.0,0.55136898914025,0.002411256353539,0.060679791921575,0.525989340168,0.34155568831825,0.001297364751977,1.2969903672525,1.378203192542448,2.857030675109718,0.034471551030112,none
51,51.0,310.833,motorway,51.0,6579.0,12.764705882352942,351.29372973099913,3260.85120316892,11.0,1.0,0.0,0.0,0.0,0.650074502944767,0.0,0.560243905309,2.7943806476e-05,0.240461602268,0.556936984542,0.000308854624504,0.00297197089138,1.42619788768,1.381661573967875,2.840380237517027,0.034574146367268,none
52,52.0,726.099,primary,52.0,5627.243368404961,4.625,190.2483979390232,6703.022635420473,0.0,2.0,0.0,0.0,0.0,0.047536055549193,0.0,0.681415260651933,0.00432673075113,0.12609946622416,0.3923076627378,0.056946717311473,0.000261960929656,1.045259342583933,1.379518270665831,2.855001940966609,0.034480369567544,none
53,53.0,70.118,primary,53.0,5371.0,9.0,143.25386632596684,6443.295844255471,0.0,1.0,0.0,0.0,0.0,0.084525457279419,0.0,0.7087394990115,0.004053690347325,0.128929046263,0.2322320432245,0.001463869816115,1.6545674887e-05,0.9720311334225,1.379455716234008,2.855135499788787,0.034479690043979,none
54,54.0,66.8003,motorway,54.0,6579.0,16.181818181818183,307.97483665229913,3075.331617880576,9.0,0.0,0.0,0.0,0.0,0.714750829549447,0.0,0.3097769495954,0.001838040639118,0.1336964067204,0.3550688059,0.035924087293102,0.001803478562689,1.43158642716,1.381702782389075,2.840167550999571,0.034575469108545,none
55,55.0,82.1332,primary,55.0,5370.999999999999,6.695652173913044,252.0004099241009,6391.331251790153,0.0,0.0,0.0,0.0,0.0,0.045100164009763,0.0,0.707388636577667,0.005121805581703,0.120970454081667,0.241020559130333,0.013888631660256,0.000312774535642,0.996926372971333,1.379394816357794,2.855354386265072,0.034478404921693,none
56,56.0,1053.21,primary,56.0,5371.0,7.611111111111111,281.8405446589244,6567.368998631906,0.0,1.0,0.0,0.0,0.0,0.06991499809194,0.0,0.678773376531591,0.007792678615743,0.095362384374136,0.439201383522409,0.043787462162199,0.000991219628157,1.135316672421182,1.379394816357794,2.855354386265072,0.034478404921693,none
57,57.0,589.763,residential,57.0,12607.5,10.958333333333334,355.95661899963034,5588.171724466781,2.0,5.0,0.0,1.0,2.0,0.388929167702842,0.0,0.438672414266333,4.50205771e-05,0.416203632891111,0.645288815448778,0.145005381570633,8.2483253326e-05,1.417347834236667,1.380777526462537,2.849529138951707,0.034513586644123,none
58,58.0,16.1547,primary,58.0,5371.0,8.85,168.67895377664985,6403.610239055147,0.0,1.0,0.0,0.0,0.0,0.079692250545331,0.0,0.7060355680535,0.00395147484469,0.11908988493,0.248597510179,0.001113325727244,0.000184208513743,0.950786722872,1.379459420611102,2.855216513569276,0.034479106272565,none
59,59.0,32.156,primary,59.0,5371.000000000001,6.0,247.85350705490328,6356.336489069161,0.0,0.0,0.0,0.0,0.0,0.033006741064952,0.0,0.708369978939,0.002625982445404,0.130342046899,0.222137944757,0.022882695257,0.000419708619635,0.9689684950355,1.379426971042744,2.855401593093727,0.034477941176228,none
60,60.0,6.94145,primary,60.0,5371.000000000001,5.85,236.9365600187089,6355.049390586626,0.0,0.0,0.0,0.0,0.0,0.035085717387515,0.0,0.725547698607,7.35363328e-07,0.132591891002,0.146958898237,0.0346990733249,0.00083941723927,0.960753777046,1.379433084403622,2.855400174977859,0.034477925941332,none
61,61.0,62.8259,primary,61.0,5371.000000000001,8.173913043478262,206.50330740239733,6372.024748005255,0.0,1.0,0.0,0.0,0.0,0.070178407359447,0.0,0.716443165239,0.002238078289719,0.1253467238095,0.1879017094215,0.018675356280155,0.000643442912275,0.959814456175,1.379458192311945,2.855349951979934,0.034478174936338,none
62,62.0,303.959,residential,62.0,10199.999999999998,24.11764705882353,326.83675304410974,5986.445462903764,0.0,2.0,0.0,2.0,0.0,0.204465677209533,0.0,0.650351487329333,0.004091234730585,0.116630258011278,0.338407930691778,0.27621071510062,0.000204185884161,1.20523719242,1.378458983406683,2.85711540497766,0.034469902609692,none
63,63.0,84.5737,residential,63.0,6272.0,35.5,657.8502448445104,5779.969976950035,2.0,19.0,0.0,6.0,0.0,0.393284878283496,0.0,0.64500629471025,0.06473771060805,0.042513008577275,0.37938670122425,0.07604758412951,0.002373568982962,1.29955496526,1.377808510045159,2.857549461353184,0.03446953652934,none
64,64.0,96.9528,residential,64.0,10200.0,11.652173913043478,382.6806137238655,5831.067156891512,2.0,0.0,0.0,3.0,0.0,0.178308682615559,0.0,0.623852833208,0.00338634812688,0.107779261578,0.543576690283,0.476391984768,0.00010442159262,1.36814109035,1.378079727249795,2.857440114334662,0.034469186477776,none
65,65.0,93.1167,residential,65.0,10199.999999999998,22.541666666666668,287.6905046910122,5852.376339415288,0.0,1.0,0.0,2.0,0.0,0.284546300483212,0.0,0.591953017147,0.012305324814873,0.092345456042933,0.481877997937333,0.361992952334333,0.00171266119164,1.34677859292,1.378189126986916,2.857375863314832,0.034469186639598,none
66,66.0,91.6774,residential,66.0,10200.0,21.13043478260869,332.33599700682964,5842.377108855415,0.0,0.0,0.0,2.0,0.0,0.262187586534593,0.0,0.59661607857225,0.00525178104998,0.11654258636125,0.56892621718325,0.398908790864,0.000757148466913,1.3757626057425,1.378189126986916,2.857375863314832,0.034469186639598,none
67,67.0,27.8838,secondary,67.0,5371.0,7.727272727272728,227.87358015122447,6354.343751971716,0.0,0.0,0.0,0.0,0.0,0.049934585303648,0.0,0.712557995654667,0.002606127635543,0.134595020708,0.19877725331,0.013225893274127,0.000385085262927,0.98173604529,1.379460750816784,2.855444634194536,0.034477499968322,none
68,68.0,40.4015,secondary,68.0,5370.999999999999,8.272727272727273,193.74918247825784,6375.986573693876,0.0,1.0,0.0,0.0,0.0,0.073809272099441,0.0,0.707338631871,0.00447542121611,0.118101556617,0.228844520606,0.00265163923541,0.000447468585279,0.958875135304,1.379479682258865,2.855419456941905,0.034477598652624,none
69,69.0,48.2538,residential,69.0,10200.0,36.69565217391305,228.98948784754563,5877.149661653102,0.0,3.0,0.0,3.0,0.0,0.258721708571547,0.0,0.497780183233,0.003831242940514,0.200807625031667,0.562644734336,0.273777045809333,0.001625643197791,1.506461564243333,1.378445772571371,2.857278336704809,0.034468813672612,none
70,70.0,231.46,residential,70.0,10200.0,32.724137931034484,228.11349213738816,5885.50014771653,0.0,3.0,0.0,4.0,0.0,0.275134800594773,0.0,0.4795861669334,0.009974909403228,0.1512895331326,0.6014832519442,0.42783950129054,0.000734113210654,1.428819078632,1.378445772571371,2.857278336704809,0.034468813672612,none
71,71.0,46.5482,tertiary,71.0,10200.0,31.681818181818183,275.14840723653884,5890.818505651492,0.0,2.0,0.0,1.0,0.0,0.178083133031178,0.0,0.574578097546333,0.0182715726186,0.146228223440667,0.432297487438333,0.1029926781751,0.000522598205321,1.348002569396667,1.378517438611439,2.857256862887107,0.034468669106899,none
72,72.0,55.6156,residential,72.0,10200.0,31.909090909090917,249.93421747311064,5882.952856208361,0.0,2.0,0.0,1.0,0.0,0.216164217614621,0.0,0.5802832913685,0.008979889283686,0.1377453172065,0.4371844666055,0.1869921151215,0.001138158591396,1.36000459913,1.378517438611439,2.857256862887107,0.034468669106899,none
73,73.0,104.396,residential,73.0,6272.000000000001,39.8,609.0127911054079,5710.393161180685,2.0,27.0,0.0,8.0,0.0,0.511063327243147,0.0,0.5850672710372,0.013698348079808,0.02353456795933,0.578559803562,0.16637206083144,0.00425128247364,1.331982630438,1.377787243255718,2.857907244529088,0.034467113422688,none
74,74.0,43.3598,residential,74.0,6272.0,42.65217391304348,628.4325974075891,5685.704149500741,2.0,27.0,0.0,7.0,0.0,0.573171923873948,0.0,0.594970703125,0.0137505588761,0.0137608539627,0.598684067191,0.122424946615,0.00185642472233,1.24573755298,1.377787243255718,2.857907244529088,0.034467113422688,none
75,75.0,97.8071,residential,75.0,10200.0,34.04,187.61663764096468,5792.93287942605,0.0,3.0,0.0,4.0,0.0,0.38065883947449,0.0,0.548604574548,0.002636645213665,0.155654355704,0.5937401373665,0.758544754987,0.002503912132905,1.392658486735,1.378294516413461,2.85771366135651,0.034466381966355,none
76,76.0,101.075,residential,76.0,10199.999999999998,31.65384615384616,236.090585614444,5784.267797538459,0.0,3.0,0.0,4.0,0.0,0.37324395840624,0.0,0.60539061764675,0.004289374294051,0.13202345514875,0.60263647077125,0.234195762937475,0.001696391278,1.3149373062925,1.378294516413461,2.85771366135651,0.034466381966355,none
77,77.0,10.4049,residential,77.0,10200.0,37.333333333333336,180.5794918828708,5750.4106308970495,0.0,3.0,0.0,4.0,0.0,0.471602876459216,0.0,0.558807985849667,0.008139736681107,0.191097642523,0.632379444449333,0.501034805731667,0.001740604998117,1.366335930383333,1.378305424955051,2.857748563655851,0.034466092099271,none
78,78.0,345.918,motorway,78.0,6579.0,13.864864864864863,377.74522796827335,2874.004581372813,11.0,1.0,0.0,0.0,0.0,0.518176300493293,0.0,0.2065940765014,0.002005519637141,0.1019993058169,0.461327526214,0.124194203307875,0.000317493116999,1.45692738259,1.381919490538268,2.839054138720979,0.03458238960161,none
79,79.0,113.475,residential,79.0,10200.0,43.52,154.0168365603577,5811.564423413811,0.0,3.0,0.0,4.0,0.0,0.319261570280737,0.0,0.447509765625,0.0077602892037,0.2380413744826,0.617587323963,0.1957143282446,0.000395919615964,1.59493247865,1.378435618791882,2.857730731191642,0.034465680851786,none
80,80.0,120.827,residential,80.0,10200.0,46.84,148.77926427136347,5797.936235116053,0.0,3.0,0.0,4.0,0.0,0.356623164043472,0.0,0.467400755365,0.009271754988706,0.2093960313912,0.6005223263324,0.322602342747366,0.003095070712534,1.553574535988,1.378435618791882,2.857730731191642,0.034465680851786,none
81,81.0,361.89,residential,81.0,14672.666666666666,16.86111111111111,327.2541983330783,5153.128064971585,1.0,2.0,0.0,0.0,0.0,0.344759158150185,0.0,0.5126356009977,0.004413871305538,0.25202769084143,0.6789748882209,0.067979426520827,0.000198217185147,1.391349806636,1.380956627739054,2.849360338744084,0.034514033310617,none
82,82.0,1013.41,residential,82.0,16122.6,10.588235294117649,440.91585092872896,5624.26929169539,2.0,4.0,0.0,0.0,0.0,0.368260102742912,0.0,0.483667537221353,0.002401566860268,0.325979469347941,0.637238269382647,0.116921985191023,0.000414269093839,1.417911152461765,1.381015717845067,2.84965908525161,0.034511693428017,none
83,83.0,139.121,residential,83.0,6883.102579536096,47.11111111111112,547.206377119946,5703.3558899695445,2.0,32.0,0.0,11.0,0.0,0.532026215439364,0.0,0.64785950442375,0.036026736339875,0.084798422204475,0.458549562997,0.056565197074287,0.002433593014637,1.3547034365775,1.377952808753884,2.858028451998491,0.034465580742354,none
84,84.0,207.959,residential,84.0,6579.000000000002,17.17241379310345,207.7301265637618,3147.452102718516,13.0,2.0,0.0,0.0,0.0,0.539450065830448,0.0,0.560243905309,2.7943806476e-05,0.240461602268,0.556936984542,0.000308854624504,0.00297197089138,1.42619788768,1.381781765893806,2.841390050263547,0.034566564882994,none
85,85.0,376.827,residential,85.0,6579.000000000001,10.891891891891891,285.90189012241115,3315.882786112828,8.0,2.0,0.0,0.0,0.0,0.531540520369931,0.0,0.543017028660608,0.001004153833273,0.21649374940581,0.540309679268512,0.009068992670919,0.002632546013931,1.419973729375671,1.381781765893806,2.841390050263547,0.034566564882994,none
86,86.0,76.0977,residential,86.0,6272.0,49.47826086956522,568.7611802969259,5647.803303061838,2.0,35.0,0.0,10.0,0.0,0.705254758978861,0.0,0.5039889048382,0.011392542827547,0.04830116363892,0.6793780523244,0.1597193071681,0.000886701101281,1.38978768624,1.377867244175705,2.858156621797765,0.034465033835504,none
87,87.0,222.511,residential,87.0,14672.666666666666,17.75,229.93182260266167,5071.381631577926,1.0,1.0,0.0,0.0,0.0,0.343197632871539,0.0,0.532664103680333,0.002403780159701,0.259434098699333,0.556064245531667,0.067088506065717,0.000595337894547,1.448500939276667,1.381031582552495,2.849057440756457,0.034515850074096,none
88,88.0,116.497,residential,88.0,15476.5,16.28,259.7395202743622,5104.69463975401,0.0,1.0,0.0,0.0,0.0,0.363752316647107,0.0,0.4883277249622,0.002837472938621,0.305745393684,0.6624961738108,0.07048486961092,3.5518048758e-05,1.44225568801,1.381035304531096,2.849076301959514,0.034515702382456,none
89,89.0,32.2808,residential,89.0,7088.416406359693,65.42857142857143,473.4101099941721,5644.047674614965,2.0,34.0,0.0,14.0,0.0,0.739386741511797,0.0,0.572568104449,0.018296820092863,0.072547514275867,0.654009852709,0.122343754860183,0.002630149504267,1.4218485804,1.377951798440631,2.858157817380669,0.0344646770903,none
90,90.0,241.727,residential,90.0,15297.0,32.96969696969697,139.55684098680953,4969.7571277693705,1.0,23.0,0.0,2.0,0.0,0.469356439267648,0.0,0.392838758774143,0.003870217196912,0.428862107189857,0.680458467221571,0.053841983995029,0.000548265887211,1.460948302798571,1.381076721795228,2.848782751303079,0.034517591722963,none
91,91.0,84.0443,residential,91.0,15476.5,35.708333333333336,164.3981350745069,5004.991855955784,0.0,16.0,0.0,0.0,0.0,0.439128756026469,0.0,0.489972585655,0.001288111430093,0.367049006573,0.582791219762667,0.0437516202011,0.000412048584966,1.362553984816667,1.381091765704219,2.84885911714239,0.034516993850463,none
92,92.0,237.86,residential,92.0,15297.0,41.6,101.34185365740764,4921.326411815327,1.0,45.0,0.0,2.0,0.0,0.423928419623816,0.0,0.460822905881333,0.003570066398399,0.302511559911667,0.688020377521833,0.248079035510517,0.000646506926143,1.510001174153333,1.38109972009855,2.848610712369925,0.034518704245952,none
93,93.0,47.9405,residential,93.0,17529.0,47.40909090909091,102.95434949211212,4939.039825206973,0.0,38.0,0.0,1.0,0.0,0.497701607751322,0.0,0.410984514229,0.016635389213093,0.350441316045333,0.683548142645667,0.175998162001667,0.000452003325804,1.516073959013333,1.381115519146662,2.848690990103687,0.03451807581085,none
94,94.0,238.867,primary,94.0,15297.0,49.6875,76.32936312839605,4860.960799002284,2.0,70.0,0.0,3.0,0.0,0.460931975295021,0.0,0.59938472150325,0.013980635677477,0.197034169392537,0.4399001667655,0.070804161343563,0.000508825462985,1.2535036368225,1.381127311776031,2.848388140700183,0.034520152455388,none
95,95.0,60.1156,residential,95.0,17529.0,67.5,58.72179789702495,4885.057509795465,1.0,61.0,0.0,2.0,0.0,0.498589388316639,0.0,0.563686692571,0.018316062099942,0.202909538545,0.5363906916045,0.166625075274675,0.000466128429735,1.4337923564125,1.381149968392049,2.848504543279885,0.034519242263662,none
96,96.0,122.218,residential,96.0,10200.0,56.32142857142857,191.85297787591287,5698.506613962672,0.0,11.0,0.0,6.0,0.0,0.473595678697395,0.0,0.6013165209665,0.008765163191843,0.16774924404625,0.491835135139,0.2148217017065,0.000108466090926,1.253457724765,1.378285662676742,2.858204412655268,0.034462974622664,none
97,97.0,209.268,residential,97.0,10200.0,47.96666666666666,311.46646554162106,5715.731944286166,2.0,16.0,0.0,6.0,0.0,0.372022142934521,0.0,0.610391877381473,0.005532226298627,0.136021322877565,0.543565190128667,0.311655711274234,0.000590630106723,1.312049360781275,1.378285662676742,2.858204412655268,0.034462974622664,none
98,98.0,98.5033,residential,98.0,10200.0,56.79166666666666,70.7298065663809,5722.648092026806,0.0,3.0,0.0,4.0,0.0,0.409490398304293,0.0,0.4924992940512,0.003549745858434,0.247859063206,0.6251811614018,0.1449252196734,0.000604983410202,1.50583279988,1.378425634411444,2.858120923840841,0.034462983831022,none
99,99.0,4.04307,residential,99.0,10200.0,62.19047619047619,63.467686115473455,5679.89657764941,0.0,3.0,0.0,4.0,0.0,0.520293414496587,0.0,0.538190359093,0.00359960349209,0.239515189665,0.652480406113,0.118724099458,0.00108649931758,1.40015527904,1.378425207945158,2.858136907342506,0.034462873424679,none
100,100.0,113.766,residential,100.0,10199.999999999998,49.642857142857146,119.1404546766336,5712.5619820835545,0.0,3.0,0.0,4.0,0.0,0.449826758655726,0.0,0.512785210667,0.012292701077747,0.24071934711475,0.6914490660495,0.31900422720675,0.000837762671779,1.4362875319275,1.378425207945158,2.858136907342506,0.034462873424679,none
101,101.0,57.4242,residential,101.0,6732.110422580448,64.82608695652173,460.4574700348877,5605.973428179281,2.0,41.0,0.0,17.0,0.0,0.872033067212514,0.0,0.5068539539015,0.009874826454235,0.0914729474541,0.7601198285895,0.1066639297962,0.001800537109377,1.46569805389,1.377949809424273,2.85838776918509,0.034463071610727,none
102,102.0,11.7948,residential,102.0,10200.0,58.523809523809526,219.4892316119568,5646.758309934269,0.0,11.0,0.0,6.0,0.0,0.500187480814457,0.0,0.583885183351286,0.007180817886142,0.14769156859008,0.539728781195648,0.22580963989749,0.000660682279136,1.298688007079405,1.378298263101785,2.858241273275852,0.034462664042775,none
103,103.0,210.869,tertiary,103.0,10200.0,39.064516129032256,146.3931080812706,5782.178893218804,0.0,3.0,0.0,2.0,0.0,0.276422842883436,0.0,0.574295753045571,0.035629088620114,0.154780639018143,0.472316917294714,0.141899927439743,0.000814887619675,1.386583748798571,1.378496892468424,2.858098669478138,0.034462846423591,none
104,104.0,6.19115,residential,104.0,6271.999999999999,82.34999999999998,453.743616098916,5579.033913855582,2.0,40.0,0.0,17.0,0.0,0.999843834640942,0.0,0.476380865258,0.00606895354857,0.121982068901,0.722833208109,0.170369594685,0.000979503953313,1.49489046662,1.377949586677608,2.858412564788766,0.034462898526637,none
105,105.0,77.7556,residential,105.0,6272.0,74.0,491.9823482085407,5600.214333071968,2.0,40.0,0.0,17.0,0.0,0.859817255675761,0.0,0.419730925656,0.003633185084079,0.0584351566422,0.744971377482,0.262587514233667,0.000497350731049,1.44642887814,1.377949586677608,2.858412564788766,0.034462898526637,none
106,106.0,12.8248,residential,106.0,10200.0,62.19047619047619,66.37311705596828,5673.03587969208,0.0,3.0,0.0,4.0,0.0,0.509143646163158,0.0,0.53946989128375,0.000919204160391,0.0798494270049,0.64119802290025,0.030155621383534,0.001603551657805,1.40777508674,1.378423259775158,2.858185770487812,0.034462538556516,none
107,107.0,73.20099999999998,residential,107.0,7281.310594798805,69.6086956521739,432.37747975068777,5607.523654434206,2.0,52.0,0.0,17.0,1.0,0.812824142281329,0.0,0.469241467824333,0.009447948042153,0.0639297914315,0.77746204839,0.196736979187467,0.001694031987327,1.43604630521,1.378029215732606,2.858403517011506,0.03446263395503,none
108,108.0,17.1825,residential,108.0,8456.89919708863,75.95,388.2102868470658,5579.558475329558,2.0,53.0,0.0,17.0,1.0,0.880166304538776,0.0,0.429828689759,0.0134564135448,0.0271518201713,0.795653631861,0.196647370385,0.00051659273814,1.39528657205,1.378047466276243,2.858461391040875,0.034462152636769,none
109,109.0,51.6356,tertiary,109.0,10199.999999999998,57.130434782608695,15.093725782246798,5672.260743107217,0.0,3.0,0.0,3.0,0.0,0.404050366843338,0.041666666666667,0.533571909709,0.02304113916605,0.191975421216,0.5395020490225,0.0990104477951,0.002167667251034,1.429098340585,1.378491318413891,2.858303761160383,0.034461430168561,low
110,110.0,61.2167,residential,110.0,10200.000000000004,59.63636363636363,33.219446388441405,5666.101495651964,0.0,3.0,0.0,4.0,0.0,0.443480773137018,0.0,0.544783626694667,0.007960062907893,0.229479931444667,0.607947578717667,0.109530968235033,0.00127683585906,1.41000245918,1.378491318413891,2.858303761160383,0.034461430168561,none
111,111.0,167.527,residential,111.0,6271.999999999999,60.10714285714285,595.7528695933992,5600.7897176043225,4.0,46.0,0.0,11.0,0.0,0.727260979542217,0.0,0.551542963847667,0.023822952944577,0.06323303467775,0.636209036852667,0.180815989305883,0.001152682017132,1.38187654358,1.377802451573046,2.858612401904476,0.034462102362862,none
112,112.0,68.3893,residential,112.0,6275.94967216384,58.81818181818183,576.3023484709149,5534.906817410746,2.0,35.0,0.0,9.0,0.0,0.824397486684535,0.0,0.504348448481333,0.009714639809223,0.0987818461346,0.681697750443333,0.165223516661433,0.000856208035265,1.47249787514,1.377802451573046,2.858612401904476,0.034462102362862,none
113,113.0,52.1633,residential,113.0,7379.16400663472,83.43478260869564,389.3912685935821,5562.996187123589,2.0,61.0,0.0,19.0,1.0,0.946130393619147,0.0,0.446470452121,0.005796133753763,0.0616217310649,0.763456438186333,0.275408739103667,0.000389374882342,1.488372919436667,1.378026101269338,2.858610467937451,0.034461194519586,none
114,114.0,71.2497,residential,114.0,6635.557814363155,84.92,419.0363639503553,5561.334213829445,2.0,69.0,0.0,19.0,1.0,0.986209113230686,0.0,0.43873651343675,0.008438110351565,0.11375611086955,0.7429920927535,0.2761120495845,0.000902658485505,1.509133503955,1.378026101269338,2.858610467937451,0.034461194519586,none
115,115.0,16.536,tertiary,115.0,10200.0,64.4,19.005529149441497,5643.864266297297,0.0,3.0,0.0,3.0,0.0,0.451624519853789,0.0,0.5128291486255,0.0443740293204,0.2086961125755,0.559143878511,0.0634948798816,0.001013146825583,1.424605738995,1.378489490898803,2.858369357976339,0.0344609773757,none
116,116.0,61.6359,residential,116.0,10200.0,59.63636363636363,42.65362686854214,5652.359776732305,0.0,3.0,0.0,4.0,0.0,0.454351019400788,0.0,0.5273615825605,0.01944539633142,0.1043289368411,0.62480295835125,0.119524402890781,0.001369614198985,1.4376629395925,1.378489490898803,2.858369357976339,0.0344609773757,none
117,117.0,27.3811,residential,117.0,6271.999999999999,72.76190476190477,567.0921314763606,5518.4613648592085,2.0,40.0,0.0,12.0,1.0,0.957637432075579,0.0,0.544589735896667,0.006253774865077,0.0262505098519,0.675304750776,0.068466421848833,0.000664645888241,1.250430491123333,1.377831344677833,2.85866650275059,0.034461603676399,none
118,118.0,144.535,residential,118.0,10200.0,44.14814814814815,118.53067776529493,5698.010062027182,0.0,3.0,0.0,2.0,0.0,0.322934252741224,0.0,0.34406583854975,0.01843077877918,0.47554494099425,0.69184881458425,0.127066559815825,0.0013479209808,1.4988962352225,1.378599010224033,2.858337166283893,0.034460752070266,none
119,119.0,79.2532,residential,119.0,10200.0,51.26086956521739,55.36751157725228,5670.42116884828,0.0,3.0,0.0,2.0,0.0,0.381924148568803,0.0,0.41939296492625,0.005067756377083,0.37932687782375,0.64416315393275,0.27776211742935,0.004761753312087,1.493319360115,1.378580134367781,2.858377657116719,0.03446054569475,none
120,120.0,142.461,residential,120.0,6272.0,70.5,524.2916770699485,5564.586605955354,3.0,53.0,0.0,15.0,1.0,0.868226547191043,0.0,0.45324251106,0.002681575913027,0.06283723762236,0.7214602847932,0.2990300824224,0.000916998070405,1.46159416714,1.377864348996425,2.858728050739421,0.034461035792226,none
121,121.0,31.2444,residential,121.0,6272.0,83.04545454545455,538.9041297919659,5508.577469392245,3.0,41.0,0.0,13.0,1.0,1.03611951670378,0.0,0.539634122427,0.005855943304457,0.0492595381526,0.665166169312333,0.146366162090533,0.001174988038089,1.359711952316667,1.377864348996425,2.858728050739421,0.034461035792226,none
122,122.0,102.592,residential,122.0,10200.0,76.04166666666667,249.94700776980287,5601.771824376434,1.0,52.0,0.0,14.0,1.0,0.695602408568835,0.0,0.54789991755253,0.020222687971068,0.147442239361277,0.562723329137315,0.140033516317497,0.000674876443913,1.369471701947078,1.37828490966063,2.858635433319639,0.034459953061238,none
123,123.0,355.804,residential,123.0,10200.0,61.2,382.6517699372464,5669.677977849692,2.0,59.0,0.0,16.0,1.0,0.608378038499339,0.0,0.575994231262626,0.024992684055212,0.062995539785031,0.572051482159086,0.226492652827578,0.001968509712053,1.370516631247509,1.37828490966063,2.858635433319639,0.034459953061238,none
124,124.0,105.184,residential,124.0,10200.0,73.60714285714286,105.35332023300758,5625.501925280993,0.0,13.0,0.0,5.0,0.0,0.532576712473519,0.0,0.539896402014,2.5737716491e-05,0.0266275061182,0.637437228496,0.000632795358712,0.00177590243788,1.41031502264,1.37840675863469,2.858585211464007,0.034459803484539,none
125,125.0,101.721,residential,125.0,10200.0,64.57692307692308,178.52209457468862,5613.460720050414,0.0,15.0,0.0,6.0,0.0,0.516487359246581,0.0,0.552611588925187,0.013452974137261,0.111333651403736,0.576951950680364,0.104771395509322,0.000934295023342,1.367289558518235,1.37840675863469,2.858585211464007,0.034459803484539,none
126,126.0,400.777,residential,126.0,5370.999999999999,4.692307692307693,323.075052221549,6174.874536089577,0.0,0.0,0.0,0.0,0.0,0.028827610574076,0.0,0.7203575042355,0.001456387071724,0.1079344232401,0.164330802982,0.0567933651696,0.000787390283792,0.967484708789,1.379502112951322,2.85709309010046,0.034465761611841,none
127,127.0,162.496,residential,127.0,14094.0,15.888888888888888,327.3812464915374,5156.550435884799,0.0,2.0,0.0,0.0,0.0,0.479119080374649,0.0,0.428565825803,0.000746638899348,0.297974858417833,0.77244975574,0.04526094387584,0.000397157477567,1.465241634133333,1.381100715656936,2.850055109985601,0.034508564163617,none
128,128.0,143.698,residential,128.0,14094.0,18.692307692307693,228.7202719980509,5044.470657124406,0.0,1.0,0.0,0.0,0.0,0.446040384585876,0.0,0.490131424134,0.017785313617756,0.342907089785,0.58750331942075,0.04711635319225,0.000110304499247,1.419207887025,1.381146489488804,2.84972010311425,0.034510726472198,none
129,129.0,116.082,residential,129.0,6272.0,89.54166666666667,446.9573827725538,5527.399282594055,2.0,57.0,0.0,20.0,1.0,1.01923517193682,0.0,0.5197671177875,0.011169985116237,0.039486253117925,0.68294682862025,0.18930993851675,0.001118028020284,1.4095646483525,1.377944812762038,2.858876752871403,0.034459660780391,none
130,130.0,76.04009999999998,residential,130.0,6272.0,94.08333333333331,485.7827126609232,5490.845271803851,3.0,55.0,0.0,18.0,1.0,1.103780455607011,0.0,0.54793006253525,0.011948734880937,0.044282844267675,0.651803060514,0.14364587172054,0.001336890530872,1.3765222875775,1.377944812762038,2.858876752871403,0.034459660780391,none
131,131.0,136.281,residential,131.0,14429.0,57.34615384615385,132.3545065916553,4913.240525475589,1.0,41.0,0.0,1.0,0.0,0.550954034799987,0.0,0.41659306905375,0.00556743575865,0.3202924613495,0.76056596512625,0.184927747834875,0.000412263065935,1.543251351765,1.381218729130963,2.849196120853964,0.034514105868626,none
132,132.0,558.975,primary,132.0,13974.333333333332,44.458333333333336,84.58891750034648,4852.630873443459,11.0,83.0,0.0,4.0,2.0,0.469444473442181,0.0,0.497156202936667,0.00961948379455,0.179480862904747,0.393873052093267,0.056152524228942,0.001471192386734,1.374785418359333,1.381264175442004,2.848998703832422,0.034515303997366,none
133,133.0,877.8809999999999,residential,133.0,16539.5,3.777777777777778,391.9694736397548,6087.867343313663,2.0,0.0,0.0,0.0,0.0,0.343138164331237,0.0,0.6318387318806,0.002388607163029,0.17425934205572,0.38368112689335,0.1231572761332,0.002962797233858,1.3235114796725,1.38075787812817,2.852591439203607,0.034492178069937,none
134,134.0,11.0519,tertiary,134.0,11329.0,55.89473684210527,150.5515664085225,4847.5923982993,4.0,28.0,0.0,3.0,2.0,0.513267438877633,0.0,0.65443990316725,0.011102699371705,0.081284488540075,0.35728377959025,0.07502142763305,0.00146015580878,1.17319382595,1.381263753229677,2.849056548750925,0.034514899813309,none
135,135.0,156.187,primary,135.0,14429.0,65.4074074074074,122.0810316021199,4853.1616817018885,3.0,71.0,0.0,3.0,2.0,0.549077216307976,0.0,0.593119793627667,0.013478842126315,0.201637605107983,0.4425469892645,0.084019563538367,0.001432549043831,1.319129181333333,1.381263753229677,2.849056548750925,0.034514899813309,none
136,136.0,1017.34,tertiary,136.0,16023.5,21.89855072463768,536.7301238260454,5361.244536828922,4.0,24.0,0.0,4.0,2.0,0.343051258084271,0.0,0.516102776059524,0.003186924595703,0.281788916267662,0.498598204105667,0.13712683270633,0.005215669457967,1.396078959464286,1.381570183064474,2.850617651009805,0.034502682403345,none
137,137.0,156.21,tertiary,137.0,11329.0,64.03448275862068,171.03255974775948,4764.508360883437,7.0,65.0,0.0,3.0,4.0,0.498810493920054,0.0,0.6373326558185,0.015671573010787,0.092142618324717,0.400869037236333,0.170177751926967,0.001065051220507,1.245299608913333,1.381393130285945,2.848693332854112,0.0345169156401,none
138,138.0,227.565,tertiary,138.0,6579.0,62.64516129032258,308.9358320039409,4572.547141837776,8.0,83.0,0.0,5.0,5.0,0.382476949651868,0.0,0.596048500643167,0.032582478350883,0.119730141268217,0.471618054156,0.202251448738167,0.000900391115241,1.381974552831666,1.38153023343798,2.847980057189363,0.03452135616128,none
139,139.0,622.932,tertiary,139.0,6864.766518796634,10.408163265306122,611.6325686275377,4249.259486574299,3.0,15.0,0.0,4.0,0.0,0.181840150168809,0.0,0.555708625517667,0.029091120340735,0.096734937798007,0.368366506443547,0.093573737828027,0.000937048977158,1.369601398488667,1.381592920966804,2.846133739183263,0.03453405432976,none
140,140.0,344.717,tertiary,140.0,6788.658461914612,34.08571428571429,576.0106925184734,4286.307535485727,5.0,32.0,0.0,5.0,4.0,0.242799405300565,0.0,0.632285152573125,0.013312650014126,0.107609852250788,0.479101204330875,0.25076404967375,0.001684763345374,1.31471197230375,1.381729551784528,2.846938641652543,0.034527843065453,none
141,141.0,120.962,residential,141.0,6272.0,100.5,377.6412253094033,5490.700148309646,2.0,92.0,0.0,25.0,2.0,1.038712918255636,0.0,0.464687117611,0.005465404096857,0.03821628064995,0.7388200720675,0.319443378746,0.002356839467244,1.3645863809525,1.378018067871262,2.859089268188876,0.034457867661997,none
142,142.0,67.6443,residential,142.0,6272.0,113.56521739130434,414.6204567584596,5459.427581941452,2.0,82.0,0.0,25.0,1.0,1.215183173122778,0.0,0.5556995437805,0.016757091843938,0.06429355115775,0.622451699125,0.184806159062,0.001250117658133,1.4145833689425,1.378018067871262,2.859089268188876,0.034457867661997,none
143,143.0,401.208,primary,143.0,6579.0,16.94871794871795,111.14324650618744,3117.750568934584,16.0,2.0,0.0,0.0,0.0,0.530628635128556,0.083333333333333,0.428719761859969,0.007481133970976,0.057471302728923,0.429990462047154,0.067190952672011,0.000380522239197,1.378677544533846,1.381944758301531,2.84211881406765,0.034560779310416,relatively low
144,144.0,229.715,residential,144.0,6579.0,12.233333333333333,57.22169588124009,3223.60539903094,10.0,2.0,0.0,0.0,0.0,0.225989213843488,0.0,0.597072371517333,0.00527451603288,0.066144215534,0.316009124221667,0.007005399156133,0.000523211008096,1.23698997995,1.381944758301531,2.84211881406765,0.034560779310416,none
145,145.0,101.973,residential,145.0,10200.0,88.79999999999998,198.70265020077767,5541.563076257845,0.0,46.0,0.0,11.0,1.0,0.671329550627696,0.0,0.495234113268025,0.059037175307319,0.2204934196637,0.581042595947113,0.143923920423819,0.002012999869762,1.478361385383462,1.378393570577338,2.858982031919952,0.034457073152341,none
146,146.0,101.048,residential,146.0,10200.0,78.875,248.9402377300236,5529.917217499309,1.0,54.0,0.0,13.0,1.0,0.695971419345548,0.0,0.5251069560162,0.050562766574764,0.180949924957448,0.552262066776151,0.159598303357291,0.004550206736449,1.45463594866669,1.378393570577338,2.858982031919952,0.034457073152341,none
147,147.0,314.401,residential,147.0,10200.0,86.3611111111111,327.30404017674306,5557.127081412031,2.0,108.0,0.0,25.0,5.0,0.807827551083606,0.0,0.633642410041857,0.045867762344014,0.055878368384214,0.455088974163429,0.083829207480128,0.004045758928571,1.357059014605714,1.378286787263683,2.859124207759536,0.03445651537798,none
148,148.0,2701.72,motorway,148.0,6300.0,8.21656050955414,654.93602145988,6186.236095432278,4.0,13.0,0.0,1.0,0.0,0.034001604523065,0.0,0.551086098953167,0.001344325871193,0.275537248277044,0.626786782500611,0.003813699777507,0.000191194465361,1.115295808496389,1.377861727929771,2.858130100662871,0.034465242672499,none
149,149.0,8.59596,motorway,149.0,6300.0,5.476190476190476,279.02318925355297,5378.804803097595,0.0,0.0,0.0,0.0,0.0,0.051772294643607,0.0,0.587006718279333,0.000115452042545,0.1500310323322,0.397628228200667,0.008497671972933,0.000293900210216,1.204590743058,1.377375778706258,2.859190595259018,0.034459802773139,none
150,150.0,68.6667,primary,150.0,11329.0,55.21739130434784,118.5714908572536,4843.608206280523,5.0,31.0,0.0,3.0,3.0,0.522067249516135,0.0,0.631821818524,0.008013107115956,0.10918483504328,0.399919921813,0.09739251299592,0.002045927852032,1.26465812772,1.381324051322788,2.849303405323185,0.034512919088685,none
151,151.0,132.78,residential,151.0,10200.0,55.5,117.99791686295548,5581.489556744409,0.0,3.0,0.0,2.0,0.0,0.429426066331607,0.0,0.4654295404274,0.002340808546687,0.3682653955666,0.6577697848236,0.257395602679,0.001128635636297,1.445562146582,1.378632966430225,2.859028708247726,0.03445575931638,none
152,152.0,120.645,residential,152.0,7634.114134665523,1.56,457.5781523198008,6340.091817896862,0.0,0.0,0.0,0.0,0.0,0.045512759957463,0.0,0.704808735584419,0.011824502382463,0.053548662525751,0.277518088785593,0.042857248919584,7.2512659285e-05,0.953074221430988,1.380104835941593,2.85622477645432,0.034469371795517,none
153,153.0,185.109,residential,153.0,7849.9253146167375,1.241379310344828,501.243627303584,6357.669797632693,0.0,0.0,0.0,0.0,0.0,0.025650057190698,0.0,0.704780905639612,0.011866102516603,0.053643258656313,0.277651540502976,0.042779541758778,7.2739183038e-05,0.953305520289146,1.380131360218406,2.856178167414643,0.034469589594471,none
154,154.0,218.622,tertiary,154.0,10200.0,73.29032258064515,136.6267077048035,5546.405037212088,0.0,42.0,0.0,8.0,2.0,0.543339549055825,0.0,0.4960360975148,0.05517798733998,0.219084296169,0.5810717219436,0.16366682921694,0.000343414674322,1.466562641924,1.378463126721667,2.859231835180412,0.034455033607233,none
155,155.0,66.816,residential,155.0,10200.0,85.45833333333333,215.3511351344536,5476.395530119471,0.0,45.0,0.0,9.0,2.0,0.646690534689944,0.0,0.466268148767,0.0597409167922,0.234691941595,0.606684697172,0.154492738203,0.000519901873117,1.52320287765,1.378463126721667,2.859231835180412,0.034455033607233,none
156,156.0,205.176,residential,156.0,6272.0,75.10344827586206,468.59795482596815,5425.341331418201,4.0,57.0,1.0,16.0,3.0,0.993983827923237,0.0,0.5277654073326,0.01385777484936,0.034141154461598,0.6293108788826,0.14083540991592,0.003039771390247,1.38215708128,1.37784431605163,2.859530747231379,0.034455485447558,none
157,157.0,123.352,residential,157.0,5962.730753914499,2.96,379.08795615842826,6240.103518251332,0.0,0.0,0.0,0.0,0.0,0.150724274707698,0.0,0.705671427115694,0.010574214962338,0.050735119185664,0.273362168169339,0.04559154181594,7.1723372007e-05,0.946807701968527,1.380108918306737,2.856559232820078,0.034467007947443,none
158,158.0,42.5642,tertiary,158.0,10200.0,83.22727272727273,190.2002209888648,5439.093623894276,0.0,50.0,0.0,9.0,5.0,0.648533685654638,0.0,0.565110172134,0.06326661626975,0.187809955643,0.5180439851985,0.08750062363005,0.00825592408695,1.38648450214,1.37845751538862,2.859398672660794,0.034453885952542,none
159,159.0,173.055,residential,159.0,6272.0,103.82758620689656,463.14884128603984,5405.740966087088,5.0,77.0,1.0,23.0,3.0,1.184897701078575,0.0,0.538122495562571,0.015308583665021,0.043435705713466,0.649875993554429,0.184795917218429,0.00106175959418,1.368287156668571,1.377937272246759,2.859570821770956,0.034454821256289,none
160,160.0,98.4254,residential,160.0,6272.0,90.375,379.4265206223894,5333.43038360452,4.0,66.0,1.0,14.0,3.0,1.108478138479965,0.0,0.542558049581,0.02165645001883,0.052686576383675,0.59016784303125,0.2126392920455,0.002502901008327,1.39564695535,1.377937272246759,2.859570821770956,0.034454821256289,none
161,161.0,140.601,residential,161.0,10200.0,66.96296296296296,194.84892376518803,5466.466599509628,0.0,14.0,0.0,2.0,2.0,0.515053474505778,0.0,0.5033535509224,0.015834725621214,0.3436210172722,0.613688876384,0.15676649093232,0.000744261224587,1.311170455628,1.378616167116104,2.859396967909748,0.034453244286003,none
162,162.0,43.4566,residential,162.0,6272.0,84.75,352.0289084298595,5314.23205115145,4.0,49.0,1.0,10.0,3.0,1.035002451885296,0.0,0.51918219754,0.016678530528333,0.112804979684467,0.597193469503333,0.212066822721333,0.001906674549761,1.463599037363333,1.377849092503085,2.859721295188268,0.034454128609252,none
163,163.0,443.665,secondary,163.0,5371.000000000001,6.26829268292683,160.28903004822416,6182.730669473624,0.0,1.0,0.0,0.0,0.0,0.09091141466987,0.0,0.663773093676778,0.006788874246991,0.152178129837222,0.417867650291667,0.005130874434796,0.001044624461388,1.058774347023333,1.37988764498876,2.857508292545023,0.034461259597421,none
164,164.0,64.9583,tertiary,164.0,10200.0,87.92,136.42544964388233,5395.214113645368,0.0,65.0,0.0,12.0,5.0,0.698015515036416,0.0,0.570087233700333,0.0489813256934,0.164386795227667,0.511178098337667,0.113097914958767,0.00669670870982,1.405580698076667,1.378448641987435,2.85965254948616,0.034452140943441,none
165,165.0,148.89,residential,165.0,10200.0,90.32142857142856,130.32857156113943,5413.651791766798,1.0,86.0,0.0,20.0,5.0,0.751811338379653,0.041666666666667,0.610405060182,0.017656257353626,0.05813708937305,0.47048685359475,0.2451900782265,0.009393806917117,1.3775163774525,1.378448641987435,2.85965254948616,0.034452140943441,low
166,166.0,158.125,residential,166.0,8480.0,67.71428571428571,171.37821007766226,4687.293738650131,8.0,70.0,0.0,4.0,5.0,0.473300026847811,0.0,0.5388208596104,0.030677446112558,0.14910153308552,0.558495794189,0.2316685646004,0.000876773696349,1.376495700276,1.381479144250729,2.849095700320432,0.034513737679474,none
167,167.0,454.206,tertiary,167.0,5371.0,6.317073170731708,156.44050896745355,6182.722670989105,0.0,1.0,0.0,0.0,0.0,0.091624541840475,0.0,0.670286347806,0.008966819871815,0.140883513635582,0.400839025722727,0.006362235006546,0.001028973849945,1.050761674565455,1.379897984651881,2.857544197434077,0.034460965038442,none
168,168.0,9.6532,unclassified,168.0,5371.0,4.55,66.08774005642255,6002.431808447148,0.0,0.0,0.0,0.0,0.0,0.13351447151477,0.0,0.69243539097825,0.02935110804545,0.092674163450775,0.33732270677775,0.000275048120424,1.9395207784e-05,1.033612705205,1.379897984651881,2.857544197434077,0.034460965038442,none
169,169.0,166.505,primary,169.0,10040.333333333332,53.92857142857143,65.43085641506597,4852.071464065285,5.0,29.0,0.0,4.0,3.0,0.501240126346022,0.0,0.5845561935244,0.010019766566268,0.17882580125178,0.471731374368,0.15264819908128,0.002734154391,1.404616595234,1.381413069327097,2.84977751342576,0.034509225315747,none
170,170.0,102.8,primary,170.0,10040.333333333332,55.47826086956522,32.852507896203285,4844.502402905282,6.0,19.0,0.0,1.0,3.0,0.536326067630383,0.0,0.586113398908,0.010329354527484,0.1584229986352,0.4625350624128,0.085028660983228,0.003563717761672,1.395647163696,1.381417076017142,2.849746127329893,0.034509429058777,none
171,171.0,8.29741,residential,171.0,10040.333333333332,64.26315789473684,19.111524041817763,4848.882209096884,6.0,13.0,0.0,1.0,2.0,0.541001057804122,0.0,0.555500076477667,0.025698987355667,0.163713692661,0.487878685461333,0.135316342602667,0.004841877274723,1.46667709183,1.381419971735621,2.849760864934202,0.034509313708374,none
172,172.0,109.445,residential,172.0,6272.0,95.68,330.8616002495528,5286.637984122732,4.0,73.0,1.0,15.0,4.0,1.093024863374984,0.0,0.450838510291333,0.005162250564749,0.054433309409507,0.724593574696667,0.214746266433633,0.000698717722452,1.331431890906667,1.37796046832298,2.85984307508402,0.0344528151681,none
173,173.0,141.571,residential,173.0,9175.0,56.2962962962963,56.773723537161096,4810.2540813371,7.0,24.0,0.0,2.0,3.0,0.531274656030684,0.0,0.587935482163,0.02098947548006,0.117798586925867,0.503975852979667,0.247464641975633,0.003143494387708,1.395596829956667,1.381436080107742,2.849596229397774,0.034510402664274,none
174,174.0,39.4781,residential,174.0,9175.0,60.23809523809524,26.918657056551016,4825.00033057194,6.0,18.0,0.0,0.0,3.0,0.547722540705335,0.0,0.58148303663875,0.019603131765357,0.107601855174525,0.50037598712925,0.2506048713675,0.00582527252566,1.438827491125,1.38144999712777,2.849667118844732,0.034509847864728,none
175,175.0,18.9365,residential,175.0,8480.0,71.0,147.7030897994574,4696.938295077342,8.0,20.0,0.0,2.0,4.0,0.468082883187113,0.0,0.6327764671965,0.010139189570795,0.09650467102785,0.5240432981625,0.2320222428125,0.000506297651544,1.333096450015,1.381485763559231,2.849194563484802,0.034513016641761,none
176,176.0,104.444,residential,176.0,9175.0,61.76,93.32546517859184,4753.057536250712,8.0,21.0,0.0,2.0,4.0,0.497327044820457,0.0,0.597778075191333,0.018957421482833,0.080101901747633,0.497319284430667,0.1672856144867,0.005259195963543,1.394802417073333,1.381524012833339,2.849389829350445,0.034511488791048,none
177,177.0,20.176,residential,177.0,8480.0,67.42857142857143,162.93244760302977,4681.637878908557,8.0,20.0,0.0,2.0,4.0,0.461322249685494,0.0,0.629917129455,0.003328744666167,0.086835133502767,0.495362553789667,0.246734191766333,0.004566238587168,1.34855337405,1.381496471461295,2.849103600174939,0.034513610856274,none
178,178.0,167.597,residential,178.0,6579.0,47.703703703703695,389.7312787444265,4458.446051662568,6.0,34.0,0.0,5.0,5.0,0.373819585984342,0.0,0.466049500737333,0.017327366105043,0.1862062507844,0.658914651195833,0.307024253002833,0.000626406995169,1.409815462515,1.381594984608198,2.848229483845255,0.034519339054995,none
179,179.0,217.935,residential,179.0,8480.0,54.6,276.3981077038481,4568.718883027936,9.0,22.0,0.0,4.0,5.0,0.402867425729255,0.0,0.517214960567714,0.015975032944279,0.161426852779514,0.605569403113714,0.196841475166429,0.002342184726633,1.410116541025714,1.381685182282488,2.848701825635542,0.034515652816932,none
180,180.0,116.153,residential,180.0,6579.0,39.16,443.2291031097964,4401.669110157849,5.0,14.0,0.0,5.0,5.0,0.404604438994327,0.0,0.53742723579875,0.025983144001785,0.1571274722918,0.61446629612925,0.236592367054,0.000770109245575,1.36537999374,1.381694198049722,2.848019388574822,0.034520404637352,none
181,181.0,37.4806,residential,181.0,6272.0,84.04761904761905,314.7356035959264,5277.809264818463,4.0,54.0,1.0,9.0,4.0,0.984304382934348,0.0,0.514027055487333,0.022083205870343,0.126084906030233,0.609604359710667,0.253948253717333,0.000135429412964,1.455989630263334,1.377857089569934,2.859892726235035,0.034452892654191,none
182,182.0,765.35,secondary,182.0,6300.0,30.77586206896552,571.5293728843865,5532.3761989679615,3.0,48.0,0.0,9.0,1.0,0.366219682065607,0.0,0.629960638452222,0.069425733533081,0.057678140949211,0.344267228468944,0.017351963603368,0.000321598895582,1.248206906480555,1.377574008968824,2.859843972772611,0.034454401043203,none
183,183.0,183.964,secondary,183.0,6300.0,11.928571428571429,350.56904049864585,5315.39405736664,1.0,8.0,0.0,2.0,0.0,0.230882124856625,0.0,0.655587437641,0.014413488916594,0.03499643103665,0.356151990267333,0.019942186064268,0.000425897927648,1.071968745741167,1.377574008968824,2.859843972772611,0.034454401043203,none
184,184.0,79.3815,residential,184.0,10200.0,80.76,226.33926162814936,5396.959542814326,0.0,25.0,0.0,4.0,4.0,0.589173455422434,0.0,0.4726744870106,0.02136186346948,0.353494152391,0.6182763999774,0.457344809133,0.000742569888932,1.30946170935,1.378561882914781,2.859713428860923,0.034451247184282,none
185,185.0,91.2661,residential,185.0,10200.0,71.45833333333333,173.27930571618933,5394.565686296161,0.0,49.0,0.0,8.0,5.0,0.597643162709196,0.0,0.42095561199875,0.0294970776661,0.35572557564275,0.644472464942,0.4619842224144,0.003485162574111,1.3797923975875,1.3785573797604,2.859723131293096,0.034451197650552,none
186,186.0,18.3069,residential,186.0,8457.0,74.54545454545455,163.69464708287967,4683.066298521471,8.0,20.0,0.0,2.0,4.0,0.487836384471486,0.0,0.6282422169145,0.00411950536521,0.1024945730186,0.4588516140555,0.1732595299845,0.008562019072395,1.374565402985,1.38150295401101,2.849191688216205,0.034512965995827,none
187,187.0,15.3623,residential,187.0,8457.0,69.80952380952381,149.7740789646601,4697.055877969738,8.0,20.0,0.0,2.0,4.0,0.475375289746309,0.0,0.630384171061334,0.006403273968157,0.097167341127213,0.491956510396774,0.210634223422304,0.004567072851357,1.352989427083887,1.381499623046957,2.849198760979526,0.034512930086344,none
188,188.0,759.097,secondary,188.0,6300.0,30.77586206896552,563.2257311458632,5524.401679197902,3.0,48.0,0.0,10.0,1.0,0.379030034765029,0.0,0.658758140472125,0.065363550760646,0.055977097476819,0.346735478778188,0.023354085459443,0.000471298953136,1.211550815435563,1.377581206501715,2.859868907472743,0.034454196412189,none
189,189.0,6.67399,secondary,189.0,6300.0,15.210526315789474,330.7931552362217,5247.347746176203,1.0,8.0,0.0,2.0,0.0,0.32460161703241,0.0,0.405132492861667,0.04786823073542,0.024772429561967,0.306313983825667,0.007723127573533,0.000380060280183,1.445773111379667,1.377581206501715,2.859868907472743,0.034454196412189,none
190,190.0,7.84705,secondary,190.0,6300.0,15.210526315789474,327.1225069815373,5246.776921316488,1.0,8.0,0.0,2.0,0.0,0.296517871398703,0.0,0.414076962145333,0.041768637048171,0.0303359433829,0.347318087807,0.0173910697666,0.000146582423444,1.498194918805667,1.377572698489523,2.859871851022948,0.034454210808162,none
191,191.0,184.234,secondary,191.0,6300.0,11.928571428571429,342.8591256769742,5309.413416219145,1.0,7.0,0.0,2.0,0.0,0.226476113267766,0.0,0.615697041094,0.012246618309165,0.06425984700515,0.439055549776667,0.004435847790046,0.000209517268292,1.186041550134667,1.377572698489523,2.859871851022948,0.034454210808162,none
192,192.0,71.1845,service,192.0,6578.999999999999,18.090909090909086,213.70318997813968,3110.226023130043,15.0,2.0,0.0,0.0,0.0,0.429659636776736,0.0,0.575291645096,0.0,0.241869087679,0.484625546923,0.0761191910906,0.0,1.41528921358,1.382115906570291,2.842247920107707,0.034559168201832,none
193,193.0,208.484,service,193.0,6579.0,17.689655172413794,173.77714529458785,3168.95061332404,17.0,2.0,0.0,0.0,0.0,0.373719720504375,0.0,0.575962847974,0.000298925192959,0.24051767372225,0.49854923988625,0.09636290621965,0.0,1.4011953451725,1.382082684926297,2.842746665579926,0.034555805152854,none
194,194.0,7.80528,secondary,194.0,6300.0,15.210526315789474,326.676294905468,5242.228255996895,1.0,8.0,0.0,2.0,0.0,0.344895890462766,0.0,0.735159632671,0.00218844126506,0.0188179475715,0.345340400779,0.0231693827206,0.000581304711032,0.949404259739,1.37757935996129,2.859894842794219,0.034454022020064,none
195,195.0,6.16837,secondary,195.0,6300.0,15.210526315789474,322.974315853209,5241.657825989855,1.0,7.0,0.0,2.0,0.0,0.318562175224467,0.0,0.423280769562333,0.03682993693522,0.032651602503767,0.381453063964333,0.007723127573533,0.000293777649661,1.558107065559667,1.37757935996129,2.859894842794219,0.034454022020064,none
196,196.0,75.15309999999998,residential,196.0,6502.0,79.0909090909091,291.01963221679694,5252.620023911643,4.0,52.0,1.0,9.0,4.0,0.855764112741717,0.0,0.4678877864975,0.022590729127442,0.0901459843277,0.6881226891525,0.2985323931315,0.000438828066171,1.411622016135,1.377857089569934,2.859892726235035,0.034452892654191,none
197,197.0,78.86279999999998,service,197.0,6579.0,18.090909090909086,218.05190586311943,3098.295044210862,16.0,2.0,0.0,0.0,0.0,0.424754697614291,0.0,0.575291645096,0.0,0.241869087679,0.484625546923,0.0761191910906,0.0,1.41528921358,1.382121058651931,2.842228755080447,0.034559281465285,none
198,198.0,7.03129,service,198.0,6578.999999999999,19.11111111111111,244.93801815572115,3119.674612890952,13.0,2.0,0.0,0.0,0.0,0.34463188518376,0.0,0.577330877734334,8.8690152203e-05,0.237905839059368,0.478538190971877,0.074576969661561,2.7072103875e-05,1.404057232473765,1.382121058651931,2.842228755080447,0.034559281465285,none
